{"cameraMode":{"drawMode":0,"name":"Shaded","section":"Shading Mode"},"sceneLighting":true,"audioPlay":false,"sceneViewState":{"showFog":false,"showMaterialUpdate":false,"showSkybox":false,"showFlares":false,"showImageEffects":false,"showParticleSystems":false},"in2DMode":false,"pivot":{"x":-11.19643783569336,"y":-5.687429428100586,"z":10.560269355773926},"rotation":{"x":-0.18142975866794587,"y":0.6125984787940979,"z":-0.14719517529010774,"w":-0.7550767064094544},"size":48.830169677734378,"orthographic":false}